{"roc": [{"fpr": 0.0, "tpr": 0.5010930895805359, "threshold": 1.0}, {"fpr": 0.0, "tpr": 0.4996177852153778, "threshold": 1.0}, {"fpr": 2.0, "tpr": 1.0, "threshold": 0.0}]}