{"roc": [{"fpr": 0.0, "tpr": 0.4932885766029358, "threshold": 1.0}, {"fpr": 0.0, "tpr": 0.5056748986244202, "threshold": 1.0}, {"fpr": 2.0, "tpr": 1.0, "threshold": 0.0}]}